raw_hex,facility_code,card_number,format
2F83C08,4,31774,H10301-26
2F83E09,4,31775,H10301-26
2F84009,4,31776,H10301-26
2F84208,4,31777,H10301-26
2F84408,4,31778,H10301-26
2F84609,4,31779,H10301-26
2F84808,4,31780,H10301-26
2F84A09,4,31781,H10301-26
2F84C09,4,31782,H10301-26
2F84E08,4,31783,H10301-26
2F85008,4,31784,H10301-26
2F85209,4,31785,H10301-26
2F85409,4,31786,H10301-26
2F85608,4,31787,H10301-26
2F85809,4,31788,H10301-26
2F85A08,4,31789,H10301-26
2F85C08,4,31790,H10301-26
2F85E09,4,31791,H10301-26
F86009,4,31792,H10301-26
F86208,4,31793,H10301-26
F86408,4,31794,H10301-26
F86609,4,31795,H10301-26
F86808,4,31796,H10301-26
F86A09,4,31797,H10301-26
F86C09,4,31798,H10301-26
F86E08,4,31799,H10301-26
F87008,4,31800,H10301-26
F87209,4,31801,H10301-26
F87409,4,31802,H10301-26
F87608,4,31803,H10301-26
F87809,4,31804,H10301-26
F87A08,4,31805,H10301-26
F87C08,4,31806,H10301-26
F87E09,4,31807,H10301-26
2F88009,4,31808,H10301-26
2F88208,4,31809,H10301-26
2F88408,4,31810,H10301-26
2F88609,4,31811,H10301-26
2F88808,4,31812,H10301-26
2F88A09,4,31813,H10301-26
2F88C09,4,31814,H10301-26
2F88E08,4,31815,H10301-26
2F89008,4,31816,H10301-26
2F89209,4,31817,H10301-26
2F89409,4,31818,H10301-26
2F89608,4,31819,H10301-26
2F89809,4,31820,H10301-26
2F89A08,4,31821,H10301-26
2F89C08,4,31822,H10301-26
2F89E09,4,31823,H10301-26
F8A009,4,31824,H10301-26
F8A208,4,31825,H10301-26
F8A408,4,31826,H10301-26
F8A609,4,31827,H10301-26
F8A808,4,31828,H10301-26
F8AA09,4,31829,H10301-26
F8AC09,4,31830,H10301-26
F8AE08,4,31831,H10301-26
F8B008,4,31832,H10301-26
F8B209,4,31833,H10301-26
F8B409,4,31834,H10301-26
F8B608,4,31835,H10301-26
F8B809,4,31836,H10301-26
F8BA08,4,31837,H10301-26
F8BC08,4,31838,H10301-26
F8BE09,4,31839,H10301-26
F8C009,4,31840,H10301-26
F8C208,4,31841,H10301-26
F8C408,4,31842,H10301-26
F8C609,4,31843,H10301-26
F8C808,4,31844,H10301-26
F8CA09,4,31845,H10301-26
F8CC09,4,31846,H10301-26
F8CE08,4,31847,H10301-26
F8D008,4,31848,H10301-26
F8D209,4,31849,H10301-26
F8D409,4,31850,H10301-26
F8D608,4,31851,H10301-26
F8D809,4,31852,H10301-26
F8DA08,4,31853,H10301-26
F8DC08,4,31854,H10301-26
F8DE09,4,31855,H10301-26
2F8E009,4,31856,H10301-26
2F8E208,4,31857,H10301-26
2F8E408,4,31858,H10301-26
2F8E609,4,31859,H10301-26
2F8E808,4,31860,H10301-26
2F8EA09,4,31861,H10301-26
2F8EC09,4,31862,H10301-26
2F8EE08,4,31863,H10301-26
2F8F008,4,31864,H10301-26
2F8F209,4,31865,H10301-26
2F8F409,4,31866,H10301-26
2F8F608,4,31867,H10301-26
2F8F809,4,31868,H10301-26
2F8FA08,4,31869,H10301-26
2F8FC08,4,31870,H10301-26
2F8FE09,4,31871,H10301-26
2F90009,4,31872,H10301-26
2F90208,4,31873,H10301-26
